Symbol,Name,Last,Change,%Chg,High,Low,Volume,Time
A,"Agilent Technologies",125.94,-3.02,-2.34%,129.74,125.61,1897300,2022-10-20
AAL,"American Airlines Gp",13.46,-0.53,-3.79%,14.27,13.43,58239699,2022-10-20
AAP,"Advance Auto Parts Inc",170.28,-0.97,-0.57%,173.86,169.4,551700,2022-10-20
AAPL,"Apple Inc",143.39,-0.47,-0.33%,145.89,142.65,64521902,2022-10-20
ABBV,"Abbvie Inc",142.93,-0.19999999999999,-0.14%,144.0367,142.43,3880100,2022-10-20
ABC,"Amerisourcebergen Corp",142.77,-0.22,-0.15%,143.33,141.58,877600,2022-10-20
ABMD,"Abiomed Inc",252.51,-0.73,-0.29%,255.84,250.11,216900,2022-10-20
ABT,"Abbott Laboratories",95.21,-2.9,-2.96%,97.74,95.01,12651100,2022-10-20
ACN,"Accenture Plc",261.78,-2.28,-0.86%,269.66,260.63,1970100,2022-10-20
ADBE,"Adobe Systems Inc",302.38,2.55,+0.85%,309.19,299.34,3621500,2022-10-20
ADI,"Analog Devices",142.08,0.75,+0.53%,146.75,141.25,3341000,2022-10-20
ADM,"Archer Daniels Midland",88.33,-0.019999999999996,-0.02%,89.71,88.03,3182200,2022-10-20
ADP,"Automatic Data Procs",229.48,-3.76,-1.61%,234.7,228.88,1314300,2022-10-20
ADSK,"Autodesk Inc",197.83,0.81,+0.41%,203.6,196.85,743000,2022-10-20
AEE,"Ameren Corp",76.62,-1.94,-2.47%,78.28,76.27,1465700,2022-10-20
AEP,"American Electric Power Company",83.93,-1.97,-2.29%,86.29,83.54,3165500,2022-10-20
AES,"The Aes Corp",23.48,-0.65,-2.69%,24.16,23.28,2936300,2022-10-20
AFL,"Aflac Inc",59.15,-0.99,-1.65%,60.33,58.92,2243700,2022-10-20
AIG,"American International Group",51.85,-0.9,-1.71%,52.965,51.55,4473700,2022-10-20
AIZ,"Assurant Inc",145.3,-6.69,-4.40%,150.14,144.85,392500,2022-10-20
AJG,"Arthur J. Gallagher & Company",173.82,-4.23,-2.38%,177.01,172.895,1043900,2022-10-20
AKAM,"Akamai Technologies",84.16,1.22,+1.47%,85.68,83.22,1374400,2022-10-20
ALB,"Albemarle Corp",255.39,-1.12,-0.44%,261.22,252.61,1067800,2022-10-20
ALGN,"Align Technology",198.28,-6.7,-3.27%,208.05,197.78,1076900,2022-10-20
ALK,"Alaska Air Group",39.88,-1.97,-4.71%,41.63,39.46,4302100,2022-10-20
ALL,"Allstate Corp",117.71,-17.44,-12.90%,122.79,116.51,9420300,2022-10-20
ALLE,"Allegion Plc",89.8,-2.31,-2.51%,91.85,89.59,795300,2022-10-20
AMAT,"Applied Materials",78.66,1.4,+1.81%,82.11,77.21,13287801,2022-10-20
AMCR,"Amcor Plc",10.89,-0.17,-1.54%,11.145,10.84,6445900,2022-10-20
AMD,"Adv Micro Devices",57.77,0.54,+0.94%,60.2,57.4,79552602,2022-10-20
AME,"Ametek Inc",115.1,-2.89,-2.45%,117.81,114.25,1395700,2022-10-20
AMGN,"Amgen Inc",247.45,-0.74,-0.30%,249.06,246.01,2058000,2022-10-20
AMP,"Ameriprise Financial Services",257.84,-6.46,-2.44%,267.255,257.36,530300,2022-10-20
AMT,"American Tower Corp",188,-2.99,-1.57%,191.155,185.37,2515600,2022-10-20
AMZN,"Amazon.com Inc",115.25,0.18,+0.16%,118.24,113.51,48795102,2022-10-20
ANET,"Arista Networks Inc",105.64,0.53,+0.50%,108.95,104.83,1560700,2022-10-20
ANSS,"Ansys Inc",210.51,-3.68,-1.72%,218,209.45,541600,2022-10-20
AON,"AON Plc",273.72,-7.21,-2.57%,280.98,272.65,917100,2022-10-20
AOS,"Smith A.O. Corp",48.76,-2.01,-3.96%,51.17,48.68,954900,2022-10-20
APA,"Apa Corp",41.51,-0.4,-0.95%,43.13,41.29,7131500,2022-10-20
APD,"Air Products and Chemicals",238.32,-3.13,-1.30%,243.5,237.93,716200,2022-10-20
APH,"Amphenol Corp",69.14,-0.95,-1.36%,70.92,68.64,2879300,2022-10-20
APTV,"Aptiv Plc",84.66,-1.29,-1.50%,88.3175,84.2,1466800,2022-10-20
ARE,"Alexandria Real Estate Equities",129.24,-1.35,-1.03%,131.91,129.01,718700,2022-10-20
ATO,"Atmos Energy Corp",100.11,-1.93,-1.89%,102,100.02,685200,2022-10-20
ATVI,"Activision Blizzard",73.31,1.1,+1.52%,73.83,72.24,5178900,2022-10-20
AVB,"Avalonbay Communities",172.03,-1.32,-0.76%,175.65,171.88,1038600,2022-10-20
AVGO,"Broadcom Ltd",430.3,-5,-1.15%,442.19,428.14,2340300,2022-10-20
AVY,"Avery Dennison Corp",168.72,-2.55,-1.49%,173.9,168.12,352900,2022-10-20
AWK,"American Water Works",129.93,-4.07,-3.04%,134.39,129.33,1324800,2022-10-20
AXP,"American Express Company",142.42,-1.55,-1.08%,147.315,142.15,4319300,2022-10-20
AZO,Autozone,2258.8301,-30.9699,-1.35%,2309.3101,2249.3601,195600,2022-10-20
BA,"Boeing Company",139.13,0.74000000000001,+0.53%,141.88,138.36,4331600,2022-10-20
BAC,"Bank of America Corp",33.7,-0.22,-0.65%,34.625,33.59,39549100,2022-10-20
BALL,"Ball Corporation",48.51,-0.43,-0.88%,49.79,48.16,1422700,2022-10-20
BAX,"Baxter International Inc",55,-0.32,-0.58%,56.34,54.8882,3831100,2022-10-20
BBWI,"Bath & Body Works Inc",32.73,-0.18,-0.55%,34.44,32.375,2705500,2022-10-20
BBY,"Best Buy Company",62.85,-0.89,-1.40%,65.4,62.515,1900700,2022-10-20
BDX,"Becton Dickinson and Company",222.58,-2.89,-1.28%,226.44,222.22,878800,2022-10-20
BEN,"Franklin Resources",21.74,-0.51,-2.29%,22.5457,21.62,2200500,2022-10-20
BF.B,"Brown Forman Inc Cl B",63.37,-0.89000000000001,-1.38%,64.34,63.23,932900,2022-10-20
BIIB,"Biogen Inc",262.65,-1.8,-0.68%,265.99,260.33,1030900,2022-10-20
BIO,"Bio-Rad Laboratories",375.8,-9.43,-2.45%,387.685,372.99,214400,2022-10-20
BK,"Bank of New York Mellon Corp",38.42,-0.6,-1.54%,39.625,38.37,6931700,2022-10-20
BKNG,"Booking Holdings Inc",1773.62,1.8,+0.10%,1827,1763.57,345100,2022-10-20
BKR,"Baker Hughes A Ge Co. Cl A",25.95,0.3,+1.17%,26.35,25.67,11755801,2022-10-20
BLK,"Blackrock Inc",572.36,-5.54,-0.96%,590.74,569.275,820900,2022-10-20
BMY,"Bristol-Myers Squibb Company",70.35,-0.79000000000001,-1.11%,71.2,70.03,9193100,2022-10-20
BR,"Broadridge Financial Solutions Llc",140.4,-3.1,-2.16%,144.28,137.43,772400,2022-10-20
BRK.B,"Berkshire Hathaway Cl B",273.53,-4.81,-1.73%,279.4399,273,3918500,2022-10-20
BRO,"Brown & Brown",60.89,-2.01,-3.20%,62.72,60.66,1120400,2022-10-20
BSX,"Boston Scientific Corp",40.23,-0.73,-1.78%,41.115,40.15,4851800,2022-10-20
BWA,"Borgwarner Inc",33.77,-0.3,-0.88%,34.62,33.45,2830900,2022-10-20
BXP,"Boston Properties",72.3,0.48,+0.67%,73.37,71.645,1447700,2022-10-20
C,"Citigroup Inc",42.92,-0.42,-0.97%,43.94,42.72,15421500,2022-10-20
CAG,"Conagra Brands Inc",34.36,-0.57,-1.63%,34.98,34.26,3376700,2022-10-20
CAH,"Cardinal Health",70.77,-0.030000000000001,-0.04%,70.94,69.8,2688500,2022-10-20
CARR,"Carrier Global Corp",34.06,-0.83,-2.38%,35.26,33.93,4300200,2022-10-20
CAT,"Caterpillar Inc",180.54,-3.87,-2.10%,185.74,180.46,2953800,2022-10-20
CB,"Chubb Ltd",192.21,-3.77,-1.92%,196.09,191.57,1670200,2022-10-20
CBOE,"CBOE Global Markets Inc",118.98,-0.77,-0.64%,121.2,118.38,422400,2022-10-20
CBRE,"CBRE Group Inc",67.77,-0.060000000000002,-0.09%,68.8,67.31,1815900,2022-10-20
CCI,"Crown Castle Inc",126.8,-3.9,-2.98%,129.6,124.36,4425500,2022-10-20
CCL,"Carnival Corp",8,0.32,+4.17%,8.29,7.71,59658400,2022-10-20
CDAY,"Ceridian Hcm Holding Inc",55.78,-1.06,-1.86%,58.72,55.01,946000,2022-10-20
CDNS,"Cadence Design Sys",153.05,-0.67,-0.44%,156.61,152,1599900,2022-10-20
CDW,"CDW Corp",158.42,-1.05,-0.66%,161.72,157.35,648400,2022-10-20
CE,"Celanese Corp",92.05,-0.54000000000001,-0.58%,95.79,91.82,737700,2022-10-20
CEG,"Constellation Energy Corp",84.56,-1.13,-1.32%,86.73,84.18,2076500,2022-10-20
CF,"Cf Industries Holdings",104.42,3.76,+3.74%,105.63,100.96,3011000,2022-10-20
CFG,"Citizens Financial Group Inc/Ri",35.9,-0.82,-2.23%,37.75,35.64,5979200,2022-10-20
CHD,"Church & Dwight Company",72.21,-1.41,-1.92%,73.98,72.14,1451000,2022-10-20
CHRW,"C.H. Robinson Ww",92.47,-0.98,-1.05%,94.33,91.92,1196200,2022-10-20
CHTR,"Charter Communicatio",328.12,3.47,+1.07%,331.7,323.13,1282300,2022-10-20
CI,"Cigna Corp",294.31,1.23,+0.42%,296.975,291.92,1509500,2022-10-20
CINF,"Cincinnati Financial",97.75,-3.29,-3.26%,100.04,97.25,825100,2022-10-20
CL,"Colgate-Palmolive Company",70.25,-1.5,-2.09%,71.78,70.19,3436000,2022-10-20
CLX,"Clorox Company",133.11,-3.76,-2.75%,137.03,133,1072300,2022-10-20
CMA,"Comerica Inc",64.76,-2.89,-4.27%,68.47,64.42,3240400,2022-10-20
CMCSA,"Comcast Corp A",30.46,0.07,+0.23%,30.81,30.26,22997100,2022-10-20
CME,"CME Group Inc",170.4,-2.4,-1.39%,173.68,169.95,1777200,2022-10-20
CMG,"Chipotle Mexican Grill",1536.2,8.99,+0.59%,1547,1523.01,238200,2022-10-20
CMI,"Cummins Inc",220.28,-4.48,-1.99%,225.64,218.88,654000,2022-10-20
CMS,"Cms Energy Corp",53.97,-1.66,-2.98%,55.56,53.735,2680500,2022-10-20
CNC,"Centene Corp",74.15,-1.57,-2.07%,76.57,73.95,2674100,2022-10-20
CNP,"Centerpoint Energy Inc",26.6,-0.4,-1.48%,27.04,26.395,6638000,2022-10-20
COF,"Capital One Financial Corp",94.98,-0.25,-0.26%,97.71,94.33,3535100,2022-10-20
COO,"Cooper Companies",255.7,-0.78000000000003,-0.30%,259.4,254.25,300300,2022-10-20
COP,Conocophillips,121.81,0.7,+0.58%,124.91,121.78,6456000,2022-10-20
COST,"Costco Wholesale",464.62,-6.81,-1.44%,472.08,462.91,1709500,2022-10-20
CPB,"Campbell Soup Company",49.88,-1.1,-2.16%,51.1675,49.84,2247500,2022-10-20
CPRT,"Copart Inc",108.81,-2.14,-1.93%,112.24,108.53,958700,2022-10-20
CPT,"Camden Property Trust",112.27,-0.46000000000001,-0.41%,114.42,111.6,766800,2022-10-20
CRL,"Charles River Laboratories Intl",199.49,-0.10999999999999,-0.06%,203.74,198.22,569100,2022-10-20
CRM,"Salesforce Inc",157.5,3.83,+2.49%,161.3,153.6,9203300,2022-10-20
CSCO,"Cisco Systems Inc",41.71,-0.17,-0.41%,42.62,41.46,16830400,2022-10-20
CSGP,"Costar Group Inc",70.57,-1.72,-2.38%,72.68,70.5,1694200,2022-10-20
CSX,"CSX Corp",27.08,-0.84,-3.01%,27.84,26.79,20922900,2022-10-20
CTAS,"Cintas Corp",392.7,-7.55,-1.89%,402.95,390.56,399600,2022-10-20
CTLT,"Catalent Inc",68.27,-2.81,-3.95%,71.81,68.18,1532500,2022-10-20
CTRA,"Coterra Energy Inc",29.69,-0.43,-1.43%,30.55,29.49,5742400,2022-10-20
CTSH,"Cognizant Tech Sol",59.78,-0.03,-0.05%,61.15,59.63,3122300,2022-10-20
CTVA,"Corteva Inc",61.93,0.13,+0.21%,62.74,61.37,2886400,2022-10-20
CVS,"CVS Corp",90.99,-0.67,-0.73%,92.06,90.65,4798600,2022-10-20
CVX,"Chevron Corp",168.96,0.96000000000001,+0.57%,171.82,167.94,8871500,2022-10-20
CZR,"Caesars Entertainment Inc",37.41,0.1,+0.27%,39.52,37.31,3305000,2022-10-20
D,"Dominion Resources",64.41,-1.28,-1.95%,65.61,64.11,3300000,2022-10-20
DAL,"Delta Air Lines Inc",32.15,-0.37,-1.14%,33.095,32.11,14786500,2022-10-20
DD,"Dupont Denemours Inc",53.76,-0.34,-0.63%,55.26,53.51,2187500,2022-10-20
DE,"Deere & Company",365.52,-5.8,-1.56%,374.08,363.715,788300,2022-10-20
DFS,"Discover Financial Services",92.76,-0.67,-0.72%,95.335,92.275,1157300,2022-10-20
DG,"Dollar General Corp",237.22,-1.15,-0.48%,239.265,235.86,1752700,2022-10-20
DGX,"Quest Diagnostics Inc",134.66,8,+6.32%,134.99,128.46,2359900,2022-10-20
DHI,"D.R. Horton",67.14,-0.65000000000001,-0.96%,69.38,66.71,2814400,2022-10-20
DHR,"Danaher Corp",243.08,-14.81,-5.74%,254.01,241.575,7560300,2022-10-20
DIS,"Walt Disney Company",98.59,-0.39999999999999,-0.40%,100.75,98.11,8212400,2022-10-20
DISH,"Dish Network Corp",13.93,0.18,+1.31%,14.24,13.76,2670100,2022-10-20
DLR,"Digital Realty Trust",95.08,-0.13,-0.14%,97.19,94.84,2081700,2022-10-20
DLTR,"Dollar Tree Inc",139.03,-0.94,-0.67%,140.93,137,1822300,2022-10-20
DOV,"Dover Corp",119.1,-2.26,-1.86%,123.14,117.795,1605400,2022-10-20
DOW,"Dow Inc",44.93,-0.2,-0.44%,47.63,44.9,9259900,2022-10-20
DPZ,"Domino's Pizza Inc",319.5,-3.9,-1.21%,327.71,318.91,664400,2022-10-20
DRI,"Darden Restaurants",132.23,-0.77000000000001,-0.58%,134.1,131.54,997600,2022-10-20
DTE,"Dte Energy Company",105.89,-2.74,-2.52%,108.53,105.39,2015200,2022-10-20
DUK,"Duke Energy Corp",87.23,-2.06,-2.31%,89.17,86.72,4057800,2022-10-20
DVA,"Davita Healthcare Partners Inc",90.93,0.26000000000001,+0.29%,91.63,90.43,560500,2022-10-20
DVN,"Devon Energy Corp",71.68,-0.25999999999999,-0.36%,73.35,71.18,7703900,2022-10-20
DXC,"Dxc Technology Company",28.35,0.21,+0.75%,29.28,28.07,1921000,2022-10-20
DXCM,"Dexcom Inc",94.36,-2.48,-2.56%,97.45,93.79,2688300,2022-10-20
EA,"Electronic Arts Inc",123.55,-0.29,-0.23%,125.7,122.29,1360800,2022-10-20
EBAY,"Ebay Inc",37.62,-0.19,-0.50%,38.66,37.48,5105200,2022-10-20
ECL,"Ecolab Inc",141.99,-3.74,-2.57%,146.5,141.075,1324100,2022-10-20
ED,"Consolidated Edison Company",83.42,-1.12,-1.32%,84.46,83.02,2384500,2022-10-20
EFX,"Equifax Inc",150.24,-9.88,-6.17%,160.69,149.135,2710600,2022-10-20
EIX,"Edison International",54.94,-1.8,-3.17%,56.75,54.68,1336400,2022-10-20
EL,"Estee Lauder Companies",200.95,-6.34,-3.06%,210.09,200.73,2872100,2022-10-20
ELV,"Elevance Health Inc",502.22,14.41,+2.95%,509.33,489.32,1946500,2022-10-20
EMN,"Eastman Chemical Company",72.36,-0.78,-1.07%,75.46,72.28,712000,2022-10-20
EMR,"Emerson Electric Company",80.15,-1.05,-1.29%,81.72,79.64,2547500,2022-10-20
ENPH,"Enphase Energy Inc",244.29,1.1,+0.45%,247.68,234,3449200,2022-10-20
EOG,"Eog Resources",131.59,1.52,+1.17%,134.31,130.74,3902300,2022-10-20
EPAM,"Epam Systems Inc",332.54,0.89000000000004,+0.27%,341.39,328.405,232700,2022-10-20
EQIX,"Equinix Inc",526.2,0.68,+0.13%,533.07,520.98,439700,2022-10-20
EQR,"Equity Residential",63.61,-0.020000000000003,-0.03%,64.61,63.29,1281800,2022-10-20
EQT,"Eqt Corp",40.74,-1.47,-3.48%,42.41,40.66,6118400,2022-10-20
ES,"Eversource Energy",71.68,-2.82,-3.79%,74.3,71.26,1661300,2022-10-20
ESS,"Essex Property Trust",226.72,-0.40000000000001,-0.18%,231.05,225.6576,498800,2022-10-20
ETN,"Eaton Corp",135.26,-3.74,-2.69%,139.8,134.84,2079400,2022-10-20
ETR,"Entergy Corp",99.97,-1.77,-1.74%,101.98,99.11,1109900,2022-10-20
ETSY,"Etsy Inc",97.44,3.11,+3.30%,99.75,93.79,2965700,2022-10-20
EVRG,"Evergy Inc",57.04,-1.28,-2.19%,58.27,56.8,688100,2022-10-20
EW,"Edwards Lifesciences Corp",83.68,-2.27,-2.64%,86.06,83.405,3838900,2022-10-20
EXC,"Exelon Corp",35.54,-1.31,-3.55%,36.67,35.19,10085700,2022-10-20
EXPD,"Expeditors Intl",89.75,-1.26,-1.38%,91.76,89.35,1099600,2022-10-20
EXPE,"Expedia Group Inc",93.15,-2.97,-3.09%,97.63,92.92,3233500,2022-10-20
EXR,"Extra Space Storage Inc",165.78,-0.13999999999999,-0.08%,167.81,164.74,440500,2022-10-20
F,"Ford Motor Company",11.77,-0.36,-2.97%,12.195,11.73,55568000,2022-10-20
FANG,"Diamondback Energy",146.59,0.56,+0.38%,148.96,145.57,1743200,2022-10-20
FAST,"Fastenal Company",45.35,-0.73,-1.58%,46.26,44.9,3220200,2022-10-20
FBHS,"Fortune Brands Home & Security",53.44,-1.57,-2.85%,56.4,53.43,1737400,2022-10-20
FCX,"Freeport-Mcmoran Inc",29.12,0.76,+2.68%,30.6,28.16,26954300,2022-10-20
FDS,"Factset Research Systems Inc",399.53,-6.5700000000001,-1.62%,406.78,398.74,174300,2022-10-20
FDX,"Fedex Corp",150.14,-2.82,-1.84%,155.4,149.865,3652100,2022-10-20
FE,"Firstenergy Corp",36.08,-0.84,-2.28%,36.88,35.81,2675700,2022-10-20
FFIV,"F5 Inc",142.96,0.56,+0.39%,145.46,140.99,892200,2022-10-20
FIS,"Fidelity National Information Services",76.55,-0.18000000000001,-0.23%,77.89,76.16,3085600,2022-10-20
FISV,"Fiserv Inc",95.01,-1.22,-1.27%,96.75,94.5,3610500,2022-10-20
FITB,"Fifth Third Bancorp",31.15,-2.11,-6.34%,33.01,30.98,9696800,2022-10-20
FLT,"Fleetcor Technologies",164,-3.48,-2.08%,168.69,163.34,739000,2022-10-20
FMC,"FMC Corp",115.35,-1.32,-1.13%,118.02,114.45,917300,2022-10-20
FOX,"Fox Corp Cl B",27.36,-0.3,-1.08%,27.86,27.32,1168700,2022-10-20
FOXA,"Fox Corp Cl A",29.01,-0.31,-1.06%,29.55,28.97,2223600,2022-10-20
FRC,"First Republic Bank",111.47,-0.32000000000001,-0.29%,113.83,110.195,2419000,2022-10-20
FRT,"Federal Realty Investment Trust",90.55,-0.68000000000001,-0.75%,92.4,90.49,325100,2022-10-20
FTNT,"Fortinet Inc",51.59,-0.2,-0.39%,53.13,51.3,4433500,2022-10-20
FTV,"Fortive Corp",59.58,-1.09,-1.80%,61.12,59.51,1532400,2022-10-20
GD,"General Dynamics Corp",237.44,-1.93,-0.81%,241.02,235.87,1184100,2022-10-20
GE,"General Electric Company",69.97,-0.56,-0.79%,71.615,69.835,5987200,2022-10-20
GILD,"Gilead Sciences Inc",66.16,-0.03,-0.05%,66.54,65.7,6384200,2022-10-20
GIS,"General Mills",76.67,-1.46,-1.87%,78.16,76.56,3002800,2022-10-20
GL,"Globe Life Inc",109.8,-2.76,-2.45%,112.54,109.51,489100,2022-10-20
GLW,"Corning Inc",30.9,-0.52,-1.65%,32.095,30.695,5433700,2022-10-20
GM,"General Motors Company",33.44,-0.19,-0.56%,34.15,33.14,13579800,2022-10-20
GNRC,"Generac Holdings Inc",109.9,-0.39999999999999,-0.36%,116.39,106.0001,6350500,2022-10-20
GOOG,"Alphabet Cl C",100.53,0.24,+0.24%,103,99.97,25125000,2022-10-20
GOOGL,"Alphabet Cl A",99.97,0.34,+0.34%,102.32,99.39,25323199,2022-10-20
GPC,"Genuine Parts Company",157.87,-1.1,-0.69%,161.75,154.6901,1358800,2022-10-20
GPN,"Global Payments Inc",112.78,0.11,+0.10%,115.245,112.29,1653000,2022-10-20
GRMN,"Garmin Ltd",80.86,-0.34,-0.42%,82.07,80.585,1202900,2022-10-20
GS,"Goldman Sachs Group",310.81,-0.94999999999999,-0.30%,316.05,309,2382300,2022-10-20
GWW,"W.W. Grainger",509.19,-11.94,-2.29%,521.68,503.61,327100,2022-10-20
HAL,"Halliburton Company",31.66,-0.3,-0.94%,32.53,31.28,11097300,2022-10-20
HAS,"Hasbro Inc",64.11,-0.73,-1.13%,65.92,63.6,1727100,2022-10-20
HBAN,"Huntington Bcshs",13.2,-0.42,-3.08%,13.75,13.1,23522299,2022-10-20
HCA,"Hca Holdings Inc",208.61,-0.57999999999998,-0.28%,213.91,207.42,2469200,2022-10-20
HD,"Home Depot",269.46,-6.03,-2.19%,278,267.865,3959500,2022-10-20
HES,"Hess Corp",130.15,1.15,+0.89%,133.31,129.07,2180100,2022-10-20
HIG,"Hartford Financial Services Group",65.61,-2.39,-3.51%,67.5,65.31,1755800,2022-10-20
HII,"Huntington Ingalls Industries",243.01,-0.13,-0.05%,245.41,241.56,460600,2022-10-20
HLT,"Hilton Inc",126.55,-2.15,-1.67%,131.43,126.2,1867100,2022-10-20
HOLX,"Hologic Inc",61.6,-0.57,-0.92%,62.92,61.5,1296600,2022-10-20
HON,"Honeywell International Inc",177.64,-1.64,-0.91%,180.82,177.11,2687400,2022-10-20
HPE,"Hewlett Packard Enterprise Comp",12.81,-0.0099999999999998,-0.08%,13.2,12.74,17132300,2022-10-20
HPQ,"Hp Inc",25.57,0.080000000000002,+0.31%,26.34,25.485,5830700,2022-10-20
HRL,"Hormel Foods Corp",44.89,-1.23,-2.67%,46.31,44.82,2072800,2022-10-20
HSIC,"Henry Schein Inc",67.67,-0.01,-0.01%,68.13,67.36,549300,2022-10-20
HST,"Host Marriott Financial Trust",17.24,-0.29,-1.65%,17.87,17.19,6914700,2022-10-20
HSY,"Hershey Foods Corp",224.74,-1.52,-0.67%,227.11,223.85,626000,2022-10-20
HUM,"Humana Inc",505.35,5.14,+1.03%,513.0123,502,923200,2022-10-20
HWM,"Howmet Aerospace Inc",34.02,-0.22,-0.64%,34.96,33.99,5165200,2022-10-20
IBM,"International Business Machines",128.3,5.79,+4.73%,128.96,125.15,13623100,2022-10-20
ICE,"Intercontinental Exchange",90.33,-1.3,-1.42%,92.145,90.16,2488000,2022-10-20
IDXX,"Idexx Laboratories",331.2,-4.29,-1.28%,339.59,330.71,369700,2022-10-20
IEX,"Idex Corp",199.29,-4.77,-2.34%,204.17,198.99,579900,2022-10-20
IFF,"International Flavors & Fragrances",91.21,-1.34,-1.45%,94,90.64,1451100,2022-10-20
ILMN,"Illumina Inc",208.64,3.91,+1.91%,211.98,203.87,1307500,2022-10-20
INCY,"Incyte Corp",68.96,-0.63,-0.91%,70.44,68.72,1096600,2022-10-20
INTC,"Intel Corp",26.08,0.08,+0.31%,26.95,25.94,33247602,2022-10-20
INTU,"Intuit Inc",401.15,-0.92,-0.23%,408.61,397.97,1399100,2022-10-20
INVH,"Invitation Homes Inc",32.54,0.039999999999999,+0.12%,32.9855,32.39,2652100,2022-10-20
IP,"International Paper Company",31.91,-0.65,-2.00%,32.965,31.835,2728700,2022-10-20
IPG,"Interpublic Group of Companies",28.15,-0.34,-1.19%,28.815,28,4207700,2022-10-20
IQV,"Iqvia Holdings Inc",174.58,-3.81,-2.14%,180.42,174.28,1045300,2022-10-20
IR,"Ingersoll Rand Inc",45.2,-1.11,-2.40%,46.841,45.14,1874700,2022-10-20
IRM,"Iron Mountain Inc",46.3,0.059999999999995,+0.13%,47.54,46.18,1134000,2022-10-20
ISRG,"Intuitive Surg Inc",212,0.86,+0.41%,221,211.12,3664800,2022-10-20
IT,"Gartner Inc",280.55,-5.72,-2.00%,289.08,278.53,368500,2022-10-20
ITW,"Illinois Tool Works Inc",188.98,-2.97,-1.55%,192.85,188.04,1197600,2022-10-20
IVZ,"Invesco Plc",14.41,-0.23,-1.57%,14.89,14.28,4377300,2022-10-20
J,"Jacobs Engineering Group Inc",113.02,-1.13,-0.99%,115.07,112.225,527900,2022-10-20
JBHT,"J B Hunt Transport",160.49,-7.47,-4.45%,168.42,159.83,1108300,2022-10-20
JCI,"Johnson Controls Intl",51.29,-1.12,-2.14%,52.52,50.96,3149000,2022-10-20
JKHY,"Jack Henry & Assoc",185.46,-1.65,-0.88%,188.06,184.1,320900,2022-10-20
JNJ,"Johnson & Johnson",165.11,0.42000000000002,+0.26%,165.74,164.33,5659800,2022-10-20
JNPR,"Juniper Networks",27.61,0.24,+0.88%,28.1,27.23,5330900,2022-10-20
JPM,"JP Morgan Chase & Company",116.13,-0.38000000000001,-0.33%,118.71,115.65,12207400,2022-10-20
K,"Kellogg Company",71.76,-1.82,-2.47%,73.56,71.555,1898200,2022-10-20
KDP,"Keurig Dr Pepper Inc",37.28,-0.5,-1.32%,37.8,37.24,4460900,2022-10-20
KEY,Keycorp,15.85,-0.64,-3.88%,16.695,15.65,21413600,2022-10-20
KEYS,"Keysight Technologies Inc",160.8,-0.34999999999999,-0.22%,164.02,159.13,812900,2022-10-20
KHC,"Kraft Heinz Company",35.34,-0.95,-2.62%,36.43,35.31,7197200,2022-10-20
KIM,"Kimco Realty Corp",19.22,0.12,+0.63%,19.505,19.14,4524500,2022-10-20
KLAC,"K L A-Tencor Corp",277.01,5.05,+1.86%,282.57,271.53,1942300,2022-10-20
KMB,"Kimberly-Clark Corp",112.32,-2.62,-2.28%,115.03,112.13,1975600,2022-10-20
KMI,"Kinder Morgan",17.12,-0.87,-4.84%,17.68,16.96,40244200,2022-10-20
KMX,"Carmax Inc",56.47,-1.03,-1.79%,58.85,56.43,2711900,2022-10-20
KO,"Coca-Cola Company",55.08,-0.88,-1.57%,55.92,54.96,16905100,2022-10-20
KR,"Kroger Company",42.17,-0.77,-1.79%,43.09,42.09,6084500,2022-10-20
L,"Loews Corp",53.64,-0.9,-1.65%,54.89,53.56,624600,2022-10-20
LDOS,"Leidos Holdings Inc",93.35,0.16,+0.17%,94.18,92.825,465200,2022-10-20
LEN,"Lennar Corp",71.38,-0.91000000000001,-1.26%,74.08,71,1768400,2022-10-20
LH,"Laboratory Corp of America Holdings",211.16,2.34,+1.12%,215.34,208.29,944500,2022-10-20
LHX,"L3Harris Technologies Inc",239,1.39,+0.58%,239.36,236.24,1444000,2022-10-20
LIN,"Linde Plc",282.23,-1.68,-0.59%,288.215,281.5,1345000,2022-10-20
LKQ,"LKQ Corp",50.08,-1.07,-2.09%,51.46,49.72,1308100,2022-10-20
LLY,"Eli Lilly and Company",329.07,-0.22000000000003,-0.07%,331.435,325.9,1761300,2022-10-20
LMT,"Lockheed Martin Corp",444.34,4.38,+1.00%,445.31,437.95,1781300,2022-10-20
LNC,"Lincoln National Corp",47.78,-0.69,-1.42%,49.43,47.475,1132600,2022-10-20
LNT,"Alliant Energy Corp",48.7,-1.65,-3.28%,50.05,48.5,2541400,2022-10-20
LOW,"Lowe's Companies",178.3,-5.64,-3.07%,185.4,177.47,4095500,2022-10-20
LRCX,"Lam Research Corp",355.87,25.79,+7.81%,366.92,334.04,5875000,2022-10-20
LUMN,Centurylink,6.7,-0.15,-2.19%,7.02,6.68,17816700,2022-10-20
LUV,"Southwest Airlines Company",32.81,-0.31,-0.94%,33.69,32.79,4843600,2022-10-20
LVS,"Las Vegas Sands",37.59,1.99,+5.59%,38.78,36.1,12357900,2022-10-20
LW,"Lamb Weston Holdings Inc",82.68,-1.19,-1.42%,84.705,82.61,1526700,2022-10-20
LYB,"Lyondellbasell Industries NV",79.04,0.040000000000006,+0.05%,81.515,78.7,2236500,2022-10-20
LYV,"Live Nation Entertainment",78.86,-0.76000000000001,-0.95%,80.88,78.51,838400,2022-10-20
MA,"Mastercard Inc",296.28,-1.48,-0.50%,302.73,295.61,2463900,2022-10-20
MAA,"Mid-America Apartment Communities",147.62,0.0099999999999909,+0.01%,149.845,147.22,951800,2022-10-20
MAR,"Marriot Int Cl A",147.52,-2.47,-1.65%,153.17,147.17,1408100,2022-10-20
MAS,"Masco Corp",44.67,-1.68,-3.62%,46.65,44.49,2037000,2022-10-20
MCD,"McDonald's Corp",249.77,-0.97999999999999,-0.39%,251.75,249.05,2410700,2022-10-20
MCHP,"Microchip Technology",59.26,-0.06,-0.10%,60.98,58.57,3989000,2022-10-20
MCK,"Mckesson Corp",359.19,-1.47,-0.41%,361.95,357.55,680600,2022-10-20
MCO,"Moody's Corp",237.41,-4.47,-1.85%,245.405,235.93,730300,2022-10-20
MDLZ,"Mondelez Intl Inc",56.91,-0.79,-1.37%,57.87,56.79,5723200,2022-10-20
MDT,"Medtronic Inc",82.45,-1.21,-1.45%,84.01,82.2,4043000,2022-10-20
MET,"Metlife Inc",66.02,-1.32,-1.96%,67.52,65.68,4430000,2022-10-20
META,"Meta Platforms Inc",131.53,-1.7,-1.28%,136.77,131.31,26356201,2022-10-20
MGM,"MGM Resorts International",32.46,0,0.00%,33.38,32.26,6287600,2022-10-20
MHK,"Mohawk Industries",92.5,-2.45,-2.58%,97.375,92.0571,537800,2022-10-20
MKC,"Mccormick & Company",72.79,-1.9,-2.54%,75.14,72.75,1156700,2022-10-20
MKTX,"Marketaxess Holdings",231.48,-1.99,-0.85%,238.98,230.48,336300,2022-10-20
MLM,"Martin Marietta Materials",304.23,-9.11,-2.91%,315.72,303.14,244600,2022-10-20
MMC,"Marsh & Mclennan Companies",154.56,-2.41,-1.54%,159,154.07,1973900,2022-10-20
MMM,"3M Company",113.11,-1.09,-0.95%,115.65,112.89,3142800,2022-10-20
MNST,"Monster Beverage Cp",87.01,-1.23,-1.39%,88.96,86.98,2203500,2022-10-20
MO,"Altria Group",43.56,-1.11,-2.48%,44.95,43.52,9710200,2022-10-20
MOH,"Molina Healthcare Inc",354.36,1.15,+0.33%,359.74,351.08,530100,2022-10-20
MOS,"Mosaic Company",51.53,0.81,+1.60%,52.56,50.38,2905400,2022-10-20
MPC,"Marathon Petroleum Corp",109.34,0.47,+0.43%,111.61,108.605,2733100,2022-10-20
MPWR,"Monolithic Power Sys",317.44,2.61,+0.83%,325.75,313.43,536100,2022-10-20
MRK,"Merck & Company",92.94,-0.32000000000001,-0.34%,93.4,92.36,7626000,2022-10-20
MRNA,"Moderna Inc",118.38,-5.14,-4.16%,124.69,118.31,5497700,2022-10-20
MRO,"Marathon Oil Corp",28.23,-0.12,-0.42%,29.175,28.1,11273700,2022-10-20
MS,"Morgan Stanley",76.6,-1.04,-1.34%,78.54,76.14,7638200,2022-10-20
MSCI,"MSCI Inc",393.66,-5.13,-1.29%,399.47,390.38,541900,2022-10-20
MSFT,"Microsoft Corp",236.15,-0.33,-0.14%,241.31,234.87,21811000,2022-10-20
MSI,"Motorola Solutions",221.17,-2.68,-1.20%,224.46,219.79,653800,2022-10-20
MTB,"M&T Bank Corp",161.4,-1.66,-1.02%,167.26,160.655,2931600,2022-10-20
MTCH,"Match Group Inc",42.7,-2.03,-4.54%,45.89,42.61,5809300,2022-10-20
MTD,"Mettler-Toledo International",1143.9,-23.07,-1.98%,1184.4399,1135.47,102300,2022-10-20
MU,"Micron Technology",53.7,0.67,+1.26%,55.1,53.17,15711801,2022-10-20
NCLH,"Norwegian Cruise Ord",14.23,0.32,+2.30%,14.6385,14.02,15764700,2022-10-20
NDAQ,"Nasdaq Inc",56.84,0.84,+1.50%,57.12,55.94,2137100,2022-10-20
NDSN,"Nordson Corp",211.51,-5.25,-2.42%,217.92,211.13,159200,2022-10-20
NEE,"Nextera Energy",70.64,-3,-4.07%,73.48,69.808,13023800,2022-10-20
NEM,"Newmont Mining Corp",41.14,0.77,+1.91%,42.09,40.3828,5802800,2022-10-20
NFLX,"Netflix Inc",268.16,-4.22,-1.55%,278.38,266.38,17207100,2022-10-20
NI,"NiSource Inc",24.15,-0.73,-2.93%,24.83,24.075,6303100,2022-10-20
NKE,"Nike Inc",86.83,-1.74,-1.96%,90.58,86.605,13500000,2022-10-20
NLOK,"Nortonlifelock Inc",21.6,0.09,+0.42%,21.77,21.49,2787700,2022-10-20
NOC,"Northrop Grumman Corp",512.44,1.53,+0.30%,516.49,509.156,878000,2022-10-20
NOW,"Servicenow Inc",356.26,0.81999999999999,+0.23%,366.4699,351.04,1655600,2022-10-20
NRG,"NRG Energy",40.72,-1.24,-2.96%,42.04,40.62,2249400,2022-10-20
NSC,"Norfolk Southern Corp",204.87,-12.75,-5.86%,217.125,203.65,3397600,2022-10-20
NTAP,"Netapp Inc",62.48,0.19,+0.31%,63.69,62.12,1606500,2022-10-20
NTRS,"Northern Trust Corp",77.21,-2.38,-2.99%,80.14,77.11,2068500,2022-10-20
NUE,"Nucor Corp",124.92,3.03,+2.49%,126.4155,116.0819,3323900,2022-10-20
NVDA,"Nvidia Corp",121.94,1.43,+1.19%,127.69,121.05,65239699,2022-10-20
NVR,"NVR Inc",3959.55,-18.3001,-0.46%,4053.6899,3945.3701,21800,2022-10-20
NWL,"Newell Rubbermaid Inc",14.73,-0.3,-2.00%,15.07,14.6,3045400,2022-10-20
NWS,"News Cp Cl B",16.91,0.16,+0.96%,17,16.6,1317800,2022-10-20
NWSA,"News Cp Cl A",16.69,0.1,+0.60%,16.9,16.39,3862500,2022-10-20
NXPI,"Nxp Semiconductors",139.04,-2.28,-1.61%,143.74,138.57,2895700,2022-10-20
O,"Realty Income Corp",57.47,-0.36,-0.62%,58.33,57.45,3185100,2022-10-20
ODFL,"Old Dominion Freight Line Inc",257.65,-3.11,-1.19%,265.08,250.38,1107800,2022-10-20
OGN,"Organon & CO",23.56,-0.24,-1.01%,23.75,23.3801,1121200,2022-10-20
OKE,"Oneok Inc",55.07,-0.07,-0.13%,55.9,54.49,2697500,2022-10-20
OMC,"Omnicom Group Inc",67.97,-0.44,-0.64%,69.59,67.43,1537800,2022-10-20
ON,"On Semiconductor",61.52,0.75,+1.23%,63.26,60.44,5535100,2022-10-20
ORCL,"Oracle Corp",69.25,2.95,+4.45%,69.92,67.19,17600500,2022-10-20
ORLY,"O'Reilly Automotive",730.92,-6.8,-0.92%,742.01,727.43,427800,2022-10-20
OTIS,"Otis Worldwide Corp",64.75,-1.53,-2.31%,66.705,64.67,1923200,2022-10-20
OXY,"Occidental Petroleum Corp",68.85,0.39,+0.57%,70.48,68.2816,15403000,2022-10-20
PARA,"Paramount Global Cl B",19.11,0.03,+0.16%,19.58,18.98,5938600,2022-10-20
PAYC,"Paycom Software Inc",318.31,-2.19,-0.68%,329.19,314.195,349200,2022-10-20
PAYX,"Paychex Inc",111.06,-0.39,-0.35%,113,110.38,1233400,2022-10-20
PCAR,"Paccar Inc",87.57,-3.17,-3.49%,91,87.32,1833400,2022-10-20
PCG,"Pacific Gas & Electric Company",14.04,0.079999999999998,+0.57%,14.1,13.885,14518300,2022-10-20
PEAK,"Healthpeak Properties Inc",22.45,-0.11,-0.49%,22.86,22.315,3920200,2022-10-20
PEG,"Public Service Enterprise Group Inc",53.77,-1.03,-1.88%,54.79,53.5,3437200,2022-10-20
PEP,"Pepsico Inc",171.46,-1.9,-1.10%,174.36,171.11,4313900,2022-10-20
PFE,"Pfizer Inc",42.91,-0.2,-0.46%,43.41,42.8226,17714900,2022-10-20
PFG,"Principal Financial Group Inc",77.56,-1.21,-1.54%,79.6,77.51,1767200,2022-10-20
PG,"Procter & Gamble Company",126.99,-2.57,-1.98%,129.77,126.68,8167900,2022-10-20
PGR,"Progressive Corp",118.86,-2.34,-1.93%,120.52,118.01,2502000,2022-10-20
PH,"Parker-Hannifin Corp",259.91,-5.67,-2.13%,268.82,258.93,861300,2022-10-20
PHM,Pultegroup,36.59,-0.56999999999999,-1.53%,38.2,36.5,2134900,2022-10-20
PKG,"Packaging Corp of America",112.87,-1.53,-1.34%,115.73,112.52,448700,2022-10-20
PKI,Perkinelmer,125.93,-1.73,-1.36%,129.59,125.02,575800,2022-10-20
PLD,"Prologis Inc",102.46,0.44999999999999,+0.44%,105.39,101.88,4282600,2022-10-20
PM,"Philip Morris International Inc",85.03,-1.44,-1.67%,86.69,84.52,4846000,2022-10-20
PNC,"PNC Bank",147.98,-3.72,-2.45%,152.97,147.07,1952100,2022-10-20
PNR,"Pentair Ltd",39.01,-1.12,-2.79%,41.1,38.91,2590800,2022-10-20
PNW,"Pinnacle West Capital Corp",62.65,-1.4,-2.19%,64.065,62.39,661700,2022-10-20
POOL,"Pool Corp",283.92,-14.2,-4.76%,307.76,279.28,1643200,2022-10-20
PPG,"PPG Industries",108.41,-6.23,-5.43%,115.26,107.4,3326800,2022-10-20
PPL,"PPL Corp",24.99,-0.34,-1.34%,25.44,24.785,4805400,2022-10-20
PRU,"Prudential Financial Inc",95.2,-1.22,-1.27%,97.5,94.74,1674700,2022-10-20
PSA,"Public Storage",293.09,2.19,+0.75%,295.62,291.37,840200,2022-10-20
PSX,"Phillips 66",97.74,-0.21000000000001,-0.21%,99.9,97.47,3033500,2022-10-20
PTC,"Ptc Inc",108.21,-0.41,-0.38%,110.71,107.18,460900,2022-10-20
PWR,"Quanta Services",130.74,-1.83,-1.38%,134.07,130.33,706100,2022-10-20
PXD,"Pioneer Natural Resources Company",254.02,3.47,+1.38%,257.12,250.04,2095600,2022-10-20
PYPL,"Paypal Holdings",84.78,0.31,+0.37%,87.6,84,10581800,2022-10-20
QCOM,"Qualcomm Inc",111.98,-0.87,-0.77%,116.09,111.72,7736400,2022-10-20
QRVO,"Qorvo Inc",82.12,0.34,+0.42%,84.21,81.65,875400,2022-10-20
RCL,"Royal Caribbean Cruises Ltd",47.52,0.83000000000001,+1.78%,48.9811,46.81,5341600,2022-10-20
RE,"Everest Re Group",270.01,-9.67,-3.46%,276.67,269.79,339700,2022-10-20
REG,"Regency Centers Corp",54.31,-0.01,-0.02%,55.08,54.03,603500,2022-10-20
REGN,"Regeneron Pharmaceuticals",705.89,-3.48,-0.49%,713.16,702.44,480900,2022-10-20
RF,"Regions Financial Corp",19.74,-1.16,-5.55%,21.1,19.61,16959600,2022-10-20
RHI,"Robert Half International Inc",79.84,-0.98999999999999,-1.22%,83.05,79.66,1920400,2022-10-20
RJF,"Raymond James Financial",98.06,-1.94,-1.94%,101.08,97.86,1384600,2022-10-20
RL,"Ralph Lauren Corp",89.7,-2.08,-2.27%,94.485,89.42,831300,2022-10-20
RMD,"Resmed Inc",217.42,2.12,+0.98%,221.51,215.475,721900,2022-10-20
ROK,"Rockwell Automation Inc",225.21,-8.72,-3.73%,234.82,224.645,768700,2022-10-20
ROL,"Rollins Inc",35.99,-0.89,-2.41%,37.08,35.65,1296900,2022-10-20
ROP,"Roper Industries",367.41,-4.02,-1.08%,373.87,366.845,451300,2022-10-20
ROST,"Ross Stores Inc",82.49,-1.17,-1.40%,85.23,82.35,1716200,2022-10-20
RSG,"Republic Services",132.29,-1.69,-1.26%,134.37,131.745,753600,2022-10-20
RTX,"Raytheon Technologies Corp",87.24,-0.39,-0.45%,88.4375,86.8,3663100,2022-10-20
SBAC,"SBA Communications",247.96,-4.53,-1.79%,252.46,244.1,1619400,2022-10-20
SBNY,"Signature Bank",142.66,-9.63,-6.32%,154.02,142.4,1175200,2022-10-20
SBUX,"Starbucks Corp",86.79,-0.73,-0.83%,88.23,86.47,4540600,2022-10-20
SCHW,"The Charles Schwab Corp",68,-0.70999999999999,-1.03%,69.98,67.83,7761700,2022-10-20
SEDG,"Solaredge Tech",197.84,-1.62,-0.81%,203.85,194.14,1029000,2022-10-20
SEE,"Sealed Air Corp",45.93,-1.7,-3.57%,47.85,45.635,1023800,2022-10-20
SHW,"Sherwin-Williams Company",201.22,-6.02,-2.90%,208.7967,199.79,1704800,2022-10-20
SIVB,"Svb Financial Group",302.46,-12.91,-4.09%,321.82,301.88,1400400,2022-10-20
SJM,"J.M. Smucker Company",141.05,-1.99,-1.39%,143.12,140.78,678200,2022-10-20
SLB,"Schlumberger N.V.",45.69,0.22,+0.48%,46.23,45.235,15915700,2022-10-20
SNA,"Snap-On Inc",203.14,-10.56,-4.94%,212.995,203.12,637900,2022-10-20
SNPS,"Synopsys Inc",289.71,0.75,+0.26%,296.32,286.56,669200,2022-10-20
SO,"Southern Company",63.5,-1.19,-1.84%,65.04,63.39,4098600,2022-10-20
SPG,"Simon Property Group",98.31,0.28,+0.29%,100.94,98.2,2096500,2022-10-20
SPGI,"S&P Global Inc",292.03,-4.84,-1.63%,299.89,290.46,1628100,2022-10-20
SRE,Sempra,139.74,-4,-2.78%,143.24,139.23,1586500,2022-10-20
STE,"Steris Corp",165.85,-1.28,-0.77%,168.53,165.03,448700,2022-10-20
STT,"State Street Corp",64.86,0.29000000000001,+0.45%,66.4,64.26,2871100,2022-10-20
STX,"Seagate Technology Hldgs Plc",53.03,0.18,+0.34%,54.95,52.78,2690200,2022-10-20
STZ,"Constellation Brands Inc",222.53,-0.72999999999999,-0.33%,224.13,221.66,1099300,2022-10-20
SWK,"Stanley Black & Decker Inc",72.15,-1.94,-2.62%,75.97,72.08,1783300,2022-10-20
SWKS,"Skyworks Solutions",81.44,-0.25,-0.31%,83.89,81.07,1893100,2022-10-20
SYF,"Synchrony Financial",31.56,-0.030000000000001,-0.09%,32.55,31.48,5179900,2022-10-20
SYK,"Stryker Corp",214.44,-2.25,-1.04%,219.26,212.62,1332100,2022-10-20
SYY,"Sysco Corp",77.2,-0.25,-0.32%,78.25,76.546,4385500,2022-10-20
T,"AT&T Inc",16.74,1.2,+7.72%,17.16,16.12,117495700,2022-10-20
TAP,"Molson Coors Brewing Company",48.24,-0.07,-0.14%,48.65,48.0001,910500,2022-10-20
TDG,"Transdigm Group Inc",531.02,-10.48,-1.94%,543.28,528.2632,198100,2022-10-20
TDY,"Teledyne Technologies Inc",340.49,-8.02,-2.30%,349.49,338.96,196800,2022-10-20
TECH,"Bio-Techne Cp",282.13,-7.89,-2.72%,292.95,281.93,251700,2022-10-20
TEL,"Te Connectivity Ltd",110.91,-1.12,-1.00%,113.96,110.1797,1152000,2022-10-20
TER,"Teradyne Inc",73.95,0.77,+1.05%,75.6,73.17,1455900,2022-10-20
TFC,"Truist Financial Corp",40.42,-2.02,-4.76%,42.77,40.28,10601400,2022-10-20
TFX,"Teleflex Inc",193.67,-4.23,-2.14%,200.485,193.44,441800,2022-10-20
TGT,"Target Corp",154.4,-0.98999999999998,-0.64%,159.16,153.42,3079900,2022-10-20
TJX,"TJX Companies",65.36,-0.73999999999999,-1.12%,66.83,65.2,3985200,2022-10-20
TMO,"Thermo Fisher Scientific Inc",486.86,-18.75,-3.71%,502.17,485.56,3267300,2022-10-20
TMUS,"T-Mobile US",136.02,0.28,+0.21%,137.27,134.96,4800500,2022-10-20
TPR,"Tapestry Inc",30.48,-0.13,-0.42%,31.91,30.355,3427100,2022-10-20
TRGP,"Targa Resources",65.77,-1.35,-2.01%,67.46,65.17,1736600,2022-10-20
TRMB,"Trimble Navigation",53.49,-1.34,-2.44%,55.6,53.33,687400,2022-10-20
TROW,"T Rowe Price Group",99.72,-1.43,-1.41%,102.73,99.36,1457500,2022-10-20
TRV,"The Travelers Companies Inc",170.87,-3.3,-1.89%,173.87,170.03,1702200,2022-10-20
TSCO,"Tractor Supply Company",189.53,-6.79,-3.46%,199,187.29,2507100,2022-10-20
TSLA,"Tesla Inc",207.28,-14.76,-6.65%,215.55,202,117798000,2022-10-20
TSN,"Tyson Foods",64.6,-0.42,-0.65%,66.01,64.47,1912800,2022-10-20
TT,"Trane Technologies Plc",140.26,-4.88,-3.36%,144.9,139.49,1378400,2022-10-20
TTWO,"Take-Two Interactive",123.89,1.39,+1.13%,127.08,122.55,1435800,2022-10-20
TWTR,"Twitter Inc",52.44,0.61,+1.18%,52.7,51.6,25461000,2022-10-20
TXN,"Texas Instruments",153.72,1.07,+0.70%,156.78,152.41,6506300,2022-10-20
TXT,"Textron Inc",60.94,-0.90000000000001,-1.46%,62.44,60.79,1237300,2022-10-20
TYL,"Tyler Technologies",334.56,-1.81,-0.54%,342.34,331.575,199200,2022-10-20
UAL,"United Airlines Holdings Inc",39.05,-0.05,-0.13%,40.19,38.95,13004199,2022-10-20
UDR,"United Dominion Realty Trust",38.89,0.030000000000001,+0.08%,39.52,38.68,2590200,2022-10-20
UHS,"Universal Health Services",94.05,-1,-1.05%,96.56,93.82,438400,2022-10-20
ULTA,"Ulta Beauty Inc",381.59,-4.67,-1.21%,398.08,381.28,914500,2022-10-20
UNH,"Unitedhealth Group Inc",520.88,0.55999999999995,+0.11%,529.42,519.78,2390800,2022-10-20
UNP,"Union Pacific Corp",186.45,-13.61,-6.80%,194.78,185.83,6103200,2022-10-20
UPS,"United Parcel Service",160.98,-4.81,-2.90%,165.22,160.32,2832600,2022-10-20
URI,"United Rentals",275.38,-11.47,-4.00%,289.4899,274.04,956800,2022-10-20
USB,"U.S. Bancorp",40.01,-1.25,-3.03%,41.66,39.91,10508000,2022-10-20
V,"Visa Inc",187.22,0.81,+0.43%,190.98,186.43,5706800,2022-10-20
VFC,"V.F. Corp",27.58,-0.87,-3.06%,29.15,27.47,6697200,2022-10-20
VICI,"Vici Properties Inc",29.69,0.29,+0.99%,29.995,29.31,5865200,2022-10-20
VLO,"Valero Energy Corp",124.44,0.48,+0.39%,126.96,122.75,4177600,2022-10-20
VMC,"Vulcan Materials Company",149.16,-5.61,-3.62%,156.25,149.06,928000,2022-10-20
VNO,"Vornado Realty Trust",21.84,0.25,+1.16%,22.16,21.53,2800000,2022-10-20
VRSK,"Verisk Analytics Inc",165.69,-3.67,-2.17%,169.47,164.51,834800,2022-10-20
VRSN,"Verisign Inc",178.67,-3.43,-1.88%,183.85,178.58,696700,2022-10-20
VRTX,"Vertex Pharmaceutic",290.16,-1.86,-0.64%,295.55,289.18,1000900,2022-10-20
VTR,"Ventas Inc",37.44,0.32,+0.86%,37.8,37.04,1668200,2022-10-20
VTRS,"Viatris Inc",9.34,-0.04,-0.43%,9.5,9.3,4399900,2022-10-20
VZ,"Verizon Communications Inc",37,0.43,+1.18%,37.535,36.55,35523600,2022-10-20
WAB,"Wabtec Corp",83.98,-3.12,-3.58%,87.24,83.76,832200,2022-10-20
WAT,"Waters Corp",275.01,-2.35,-0.85%,282.305,272.015,417600,2022-10-20
WBA,"Walgreens Boots Alliance",33.36,-0.03,-0.09%,34.03,33.32,6223500,2022-10-20
WBD,"Discovery Inc Series A",12.92,0.31,+2.46%,13.22,12.45,23298199,2022-10-20
WDC,"Western Digital Cp",33.47,0.11,+0.33%,34.36,33.02,4074300,2022-10-20
WEC,"Wisconsin Energy Corp",85.44,-1.33,-1.53%,87.01,85.11,1690600,2022-10-20
WELL,"Welltower Inc",58.98,-0.35,-0.59%,59.91,58.6,1832400,2022-10-20
WFC,"Wells Fargo & Company",43.65,0.030000000000001,+0.07%,44.43,43.5,17572600,2022-10-20
WHR,"Whirlpool Corp",131.33,-6.45,-4.68%,139.985,130.52,2536600,2022-10-20
WM,"Waste Management",159.28,-2.22,-1.37%,162.5499,158.63,1302400,2022-10-20
WMB,"Williams Companies",30.9,0.02,+0.06%,31.24,30.56,9037800,2022-10-20
WMT,"Walmart Inc",134.09,0.33000000000001,+0.25%,135.4,133.645,4251600,2022-10-20
WRB,"W.R. Berkley Corp",70.26,-1.2,-1.68%,70.955,69.9318,1016600,2022-10-20
WRK,"Westrock Company",31.99,-0.48,-1.48%,32.99,31.785,1302000,2022-10-20
WST,"West Pharmaceutical Services",231.3,-12.34,-5.06%,243.49,230.831,889700,2022-10-20
WTW,"Willis Towers Watson Public Ltd CO",205.48,-3.08,-1.48%,208.48,205.12,435400,2022-10-20
WY,"Weyerhaeuser Company",28.94,-0.11,-0.38%,29.48,28.85,3969000,2022-10-20
WYNN,"Wynn Resorts Ltd",56.13,1.65,+3.03%,58.08,54.69,4988600,2022-10-20
XEL,"XCEL Energy Inc",59.72,-1.38,-2.25%,61.78,59.4,6537600,2022-10-20
XOM,"Exxon Mobil Corp",103.93,0.14,+0.13%,105,103.41,17649000,2022-10-20
XRAY,"Dentsply Sirona Inc",28.64,-0.18,-0.62%,29.37,28.61,1996200,2022-10-20
XYL,"Xylem Inc",91.04,-1.86,-2.00%,93.22,90.46,771000,2022-10-20
YUM,"Yum! Brands",109.66,-0.79000000000001,-0.72%,111.12,109.4,969300,2022-10-20
ZBH,"Zimmer Biomet Holdings",106.33,-1.79,-1.66%,108.87,106.0804,915000,2022-10-20
ZBRA,"Zebra Technologies",256.23,-4.23,-1.62%,265.93,253.55,311600,2022-10-20
ZION,"Zions Bancorp",47.13,-2.09,-4.25%,49.64,46.68,2301100,2022-10-20
ZTS,"Zoetis Inc Cl A",144.43,-3.7,-2.50%,148.22,144.17,2327100,2022-10-20
"Downloaded from Barchart.com as of 10-21-2022 02:55am CDT"
